seq,cont1,chlor1,nor1,cont2,chlor2,nor2,gene_name
accgtcgaaacggccgtgag,2.9798172971722867e-05,0.00011426423113746692,7.759425821299953e-05,8.420008389390177e-05,0.00013605147280721207,0.00011332364072800138,gapA
acgcactatgcgtcgcatgg,2.8908675271074424e-05,0.00010240824324500794,3.785659264331189e-05,6.991158480887601e-05,5.268659976357722e-05,8.241719325672827e-05,cheY
acgcgtggacgcgtagcgcg,2.2237442516211097e-05,9.862807319233986e-05,0.0001297940319199265,0.00010971526083144776,0.0001457217980802737,0.00017610236215402487,kdsB
agcacgtaatcccgcgccac,2.2237442516211097e-05,0.000114092405225982,0.00015824525993135964,8.471038743265269e-05,0.00013238341839329212,0.00020861852043109344,frdA
aggactcgttcacctgttgc,1.2230593383916103e-05,4.467473698607729e-05,5.196463959112999e-05,3.572124771256439e-05,4.668432890443551e-05,4.6037729045750554e-05,ldhA
atccgccaccagccagcgtc,2.134794481556265e-05,7.577522696484648e-05,0.0002475962239342076,6.787037065387234e-05,7.969681862971491e-05,0.00015646389032332008,bioF
cacgcagttgcgttaacgcg,2.7574428720101758e-05,9.811259545788512e-05,0.00017258844099497472,0.00010716374313769316,0.00011637736276891423,0.00015066893142245638,ubiC
cggctcccgcgatggcaacg,1.2452967809078213e-05,7.268236055811805e-05,6.30159430335875e-05,7.042188834762694e-05,7.236070980187504e-05,6.310066358718257e-05,dapB
gcacgcagttgcgttaacgc,1.2008218958753991e-05,5.6015247144081525e-05,0.00014131560359397792,4.5927318487582785e-05,8.836676542625294e-05,0.00017127322973663843,ubiC
gcccgtcagcaatgccccgc,1.645570746199621e-05,7.594705287633139e-05,8.041586760256315e-05,3.0107908786304268e-05,8.269795405928577e-05,8.467078838484193e-05,hybA
gcgcgccagcactttacccg,4.180639193047686e-05,0.00018299459573143198,9.758065805574184e-05,0.00012502436699397536,0.00018173542323512396,0.00010688479750481947,glmM
tgcttgcgccccaacccgcc,3.913789882853153e-05,0.00018161998843955267,0.00018646135382699585,0.00013574074130774468,0.0001677301245637933,0.00024499798464207116,psd
