seq,Chlor1,Nor1,Chlor2,Nor2,1_aerobic_t30_1_control,1_aerobic_t60_1_control,1_aerobic_t180_1_control,1_aerobic_t30_2_chlor,1_aerobic_t60_2_chlor,1_aerobic_t180_2_chlor,1_aerobic_t30_6_nor,1_aerobic_t60_6_nor,1_aerobic_t180_6_Nor,2_aerobic_Control_t30_2,2_aerobic_Control_t60_2,2_aerobic_Control_t180_2,2_aerobic_Chlor_t30_2,2_aerobic_Chlor_t60_2,2_aerobic_t180_2_chlor,2_aerobic_Nor_t30_2,2_aerobic_Nor_t60_2,2_aerobic_t180_6_nor
aatccctgggattgcctgct,1.4010758678204809,8.684980323026892,1.4965842552599333,4.628767718440566,19.150898578694438,15.215898975794431,8.420134580340493,24.003784125968092,35.52548031348763,33.35105948253083,208.82151066958104,627.2483979935092,4089.1658134091645,38.17484819340609,17.43746990359762,13.464386697185944,23.143157481878298,29.319816897743472,54.6813781312614,176.62245910410854,436.83907155647296,379.74223757334806
cagtgagtgcgggcaacgta,0.6424225634550643,1.2723357079453868,0.40963681509666616,0.4577903889041284,58.07046665797669,89.53971320371339,32.794208365536655,84.71923809165209,76.89692574185297,79.8959446944145,87.86478864239201,147.27721973467803,133.71744748489883,51.72076206848568,67.06719193691391,64.87386317735046,81.61008164662347,70.85622416954672,86.78787538264423,84.415145895346,104.6738989352571,75.12292091124928
taatccctgggattgcctgc,0.9285111835551763,6.627763815602319,1.0792433501356613,3.2713185523633745,32.12408793845519,35.113613021064076,20.8287539618949,39.06498200892847,47.217410543243055,58.272730304641776,213.38591527438064,305.1161524383768,2470.5376789347033,39.40629490932242,34.87493980719524,17.136492160054836,24.36121840197716,43.97972534661521,54.17971411170854,129.86945522360924,251.21735744461702,209.27099396705157
tgctgggcatcagtgagtgc,2.159154437011239,9.637216609259058,1.3875789146337252,4.469806879533447,52.51052836093637,47.9886044621209,14.18127929320504,90.83784973160475,78.24599461451706,121.30989767821653,902.611010599118,2292.478476109112,13682.853487194667,57.877995648067305,68.4085357756522,41.61719524584746,87.70038624711776,96.51106395507226,145.48256567032848,514.2830426854925,1219.7998355921961,1077.31221746352
